
USE [VectorDb]
GO

SET IDENTITY_INSERT [dbo].[Student] ON
GO

INSERT [dbo].[Student] ([Id], [FirstName], [MiddleName], [LastName], [EmailAddress]) VALUES (1, N'Johna', NULL, N'Blucher', N'dblucher0@yelp.com')
GO

INSERT [dbo].[Student] ([Id], [FirstName], [MiddleName], [LastName], [EmailAddress]) VALUES (2, N'Adiana', NULL, N'Ickovitz', N'fickovitz1@fda.gov')
GO

INSERT [dbo].[Student] ([Id], [FirstName], [MiddleName], [LastName], [EmailAddress]) VALUES (3, N'Yorker', NULL, N'Moseley', N'jmoseley2@msu.edu')
GO

INSERT [dbo].[Student] ([Id], [FirstName], [MiddleName], [LastName], [EmailAddress]) VALUES (4, N'Kenn', N'Ware', N'De Lascy', N'wdelascy3@redcross.org')
GO

INSERT [dbo].[Student] ([Id], [FirstName], [MiddleName], [LastName], [EmailAddress]) VALUES (5, N'Loren', NULL, N'Mayow', N'dmayow4@mediafire.com')
GO

INSERT [dbo].[Student] ([Id], [FirstName], [MiddleName], [LastName], [EmailAddress]) VALUES (6, N'Alida', N'Alicea', N'Shubotham', N'ashubotham5@dailymail.co.uk')
GO

INSERT [dbo].[Student] ([Id], [FirstName], [MiddleName], [LastName], [EmailAddress]) VALUES (7, N'Rene', N'Scotti', N'Shurey', N'sshurey6@youtu.be')
GO

INSERT [dbo].[Student] ([Id], [FirstName], [MiddleName], [LastName], [EmailAddress]) VALUES (8, N'Ilka', NULL, N'Aldus', N'galdus7@unesco.org')
GO

INSERT [dbo].[Student] ([Id], [FirstName], [MiddleName], [LastName], [EmailAddress]) VALUES (9, N'Waly', NULL, N'Jina', N'pjina8@gravatar.com')
GO

INSERT [dbo].[Student] ([Id], [FirstName], [MiddleName], [LastName], [EmailAddress]) VALUES (10, N'Bibi', N'Andrey', N'Brittian', N'abrittian9@ning.com')
GO

INSERT [dbo].[Student] ([Id], [FirstName], [MiddleName], [LastName], [EmailAddress]) VALUES (11, N'Prissie', NULL, N'Rockall', N'frockalla@pbs.org')
GO

INSERT [dbo].[Student] ([Id], [FirstName], [MiddleName], [LastName], [EmailAddress]) VALUES (12, N'Davon', NULL, N'Grabeham', N'mgrabehamb@artisteer.com')
GO

INSERT [dbo].[Student] ([Id], [FirstName], [MiddleName], [LastName], [EmailAddress]) VALUES (13, N'Nolie', N'Rancell', N'Wanell', N'rwanellc@mozilla.com')
GO

INSERT [dbo].[Student] ([Id], [FirstName], [MiddleName], [LastName], [EmailAddress]) VALUES (14, N'Krysta', NULL, N'Andrelli', N'qandrellid@si.edu')
GO

INSERT [dbo].[Student] ([Id], [FirstName], [MiddleName], [LastName], [EmailAddress]) VALUES (15, N'Hayden', NULL, N'Wordsley', N'awordsleye@google.fr')
GO

INSERT [dbo].[Student] ([Id], [FirstName], [MiddleName], [LastName], [EmailAddress]) VALUES (16, N'Gardiner', N'Corrie', N'Eckery', N'ceckeryf@tripadvisor.com')
GO

INSERT [dbo].[Student] ([Id], [FirstName], [MiddleName], [LastName], [EmailAddress]) VALUES (17, N'Loralie', NULL, N'Tribe', N'dtribeg@twitpic.com')
GO

INSERT [dbo].[Student] ([Id], [FirstName], [MiddleName], [LastName], [EmailAddress]) VALUES (18, N'Robinet', N'Ethe', N'Elmer', N'eelmerh@networksolutions.com')
GO

INSERT [dbo].[Student] ([Id], [FirstName], [MiddleName], [LastName], [EmailAddress]) VALUES (19, N'Harald', NULL, N'Spracklin', N'hspracklini@jalbum.net')
GO

INSERT [dbo].[Student] ([Id], [FirstName], [MiddleName], [LastName], [EmailAddress]) VALUES (20, N'Minta', N'Isabeau', N'Stambridge', N'istambridgej@123-reg.co.uk')
GO

INSERT [dbo].[Student] ([Id], [FirstName], [MiddleName], [LastName], [EmailAddress]) VALUES (21, N'Delmar', N'Terza', N'Damant', N'tdamantk@multiply.com')
GO

INSERT [dbo].[Student] ([Id], [FirstName], [MiddleName], [LastName], [EmailAddress]) VALUES (22, N'Gwynne', N'Valeria', N'Vogel', N'vvogell@miibeian.gov.cn')
GO

INSERT [dbo].[Student] ([Id], [FirstName], [MiddleName], [LastName], [EmailAddress]) VALUES (23, N'Amalee', N'Neal', N'Olwen', N'nolwenm@indiegogo.com')
GO

INSERT [dbo].[Student] ([Id], [FirstName], [MiddleName], [LastName], [EmailAddress]) VALUES (24, N'Ariana', NULL, N'Ottee', N'gotteen@google.com.br')
GO

INSERT [dbo].[Student] ([Id], [FirstName], [MiddleName], [LastName], [EmailAddress]) VALUES (25, N'Imojean', NULL, N'Jadczak', N'ljadczako@slideshare.net')
GO

INSERT [dbo].[Student] ([Id], [FirstName], [MiddleName], [LastName], [EmailAddress]) VALUES (26, N'Baxie', N'Mackenzie', N'Beckerleg', N'mbeckerlegp@china.com.cn')
GO

INSERT [dbo].[Student] ([Id], [FirstName], [MiddleName], [LastName], [EmailAddress]) VALUES (27, N'Nonah', NULL, N'Lowten', N'slowtenq@illinois.edu')
GO

INSERT [dbo].[Student] ([Id], [FirstName], [MiddleName], [LastName], [EmailAddress]) VALUES (28, N'Angelico', NULL, N'Rylett', N'frylettr@bloglovin.com')
GO

INSERT [dbo].[Student] ([Id], [FirstName], [MiddleName], [LastName], [EmailAddress]) VALUES (29, N'Dennet', NULL, N'Bennen', N'kbennens@ezinearticles.com')
GO

INSERT [dbo].[Student] ([Id], [FirstName], [MiddleName], [LastName], [EmailAddress]) VALUES (30, N'Madelin', NULL, N'Matuszkiewicz', N'cmatuszkiewiczt@sina.com.cn')
GO

INSERT [dbo].[Student] ([Id], [FirstName], [MiddleName], [LastName], [EmailAddress]) VALUES (31, N'Arthur', N'Ivette', N'Enrdigo', N'ienrdigou@gov.uk')
GO

INSERT [dbo].[Student] ([Id], [FirstName], [MiddleName], [LastName], [EmailAddress]) VALUES (32, N'Betti', N'Valentin', N'Hughf', N'vhughfv@google.de')
GO

INSERT [dbo].[Student] ([Id], [FirstName], [MiddleName], [LastName], [EmailAddress]) VALUES (33, N'Robert', N'Innis', N'Blackwood', N'iblackwoodw@netscape.com')
GO

INSERT [dbo].[Student] ([Id], [FirstName], [MiddleName], [LastName], [EmailAddress]) VALUES (34, N'Janelle', N'Dorothy', N'Batey', N'dbateyx@slate.com')
GO

INSERT [dbo].[Student] ([Id], [FirstName], [MiddleName], [LastName], [EmailAddress]) VALUES (35, N'Nicola', NULL, N'Lehemann', N'olehemanny@nymag.com')
GO

INSERT [dbo].[Student] ([Id], [FirstName], [MiddleName], [LastName], [EmailAddress]) VALUES (36, N'Janelle', NULL, N'Hatchell', N'mhatchellz@redcross.org')
GO

INSERT [dbo].[Student] ([Id], [FirstName], [MiddleName], [LastName], [EmailAddress]) VALUES (37, N'Ainslee', NULL, N'Budleigh', N'mbudleigh10@examiner.com')
GO

INSERT [dbo].[Student] ([Id], [FirstName], [MiddleName], [LastName], [EmailAddress]) VALUES (38, N'Reidar', N'Delia', N'Axtens', N'daxtens11@prlog.org')
GO

INSERT [dbo].[Student] ([Id], [FirstName], [MiddleName], [LastName], [EmailAddress]) VALUES (39, N'Asher', N'Kata', N'Ghilks', N'kghilks12@oaic.gov.au')
GO

INSERT [dbo].[Student] ([Id], [FirstName], [MiddleName], [LastName], [EmailAddress]) VALUES (40, N'Marilin', NULL, N'Kristiansen', N'rkristiansen13@engadget.com')
GO

INSERT [dbo].[Student] ([Id], [FirstName], [MiddleName], [LastName], [EmailAddress]) VALUES (41, N'Lissy', N'Cathi', N'Garnson', N'cgarnson14@cnn.com')
GO

INSERT [dbo].[Student] ([Id], [FirstName], [MiddleName], [LastName], [EmailAddress]) VALUES (42, N'Elwood', N'Loni', N'Potts', N'lpotts15@domainmarket.com')
GO

INSERT [dbo].[Student] ([Id], [FirstName], [MiddleName], [LastName], [EmailAddress]) VALUES (43, N'Norrie', NULL, N'Meller', N'lmeller16@patch.com')
GO

INSERT [dbo].[Student] ([Id], [FirstName], [MiddleName], [LastName], [EmailAddress]) VALUES (44, N'Arlyn', NULL, N'Mowen', N'fmowen17@youtu.be')
GO

INSERT [dbo].[Student] ([Id], [FirstName], [MiddleName], [LastName], [EmailAddress]) VALUES (45, N'Georgie', NULL, N'Lamprey', N'nlamprey18@aboutads.info')
GO

INSERT [dbo].[Student] ([Id], [FirstName], [MiddleName], [LastName], [EmailAddress]) VALUES (46, N'Mead', N'Terra', N'Dayce', N'tdayce19@ucoz.ru')
GO

INSERT [dbo].[Student] ([Id], [FirstName], [MiddleName], [LastName], [EmailAddress]) VALUES (47, N'Tersina', N'Lucinda', N'Andrejevic', N'landrejevic1a@t.co')
GO

INSERT [dbo].[Student] ([Id], [FirstName], [MiddleName], [LastName], [EmailAddress]) VALUES (48, N'Katie', NULL, N'Tolley', N'mtolley1b@ftc.gov')
GO

INSERT [dbo].[Student] ([Id], [FirstName], [MiddleName], [LastName], [EmailAddress]) VALUES (49, N'Meaghan', NULL, N'Smalley', N'bsmalley1c@mozilla.com')
GO

INSERT [dbo].[Student] ([Id], [FirstName], [MiddleName], [LastName], [EmailAddress]) VALUES (50, N'Bondie', NULL, N'Beak', N'obeak1d@hibu.com')
GO

SET IDENTITY_INSERT [dbo].[Student] OFF
GO

SET IDENTITY_INSERT [dbo].[Course] ON
GO

INSERT [dbo].[Course] ([Id], [Name], [Content]) VALUES (1, N'Support', N'Maecenas tristique, est et tempus semper, est quam pharetra magna, ac consequat metus sapien ut nunc. Vestibulum ante ipsum primis in faucibus orci luctus et ultrices posuere cubilia Curae; Mauris viverra diam vitae quam. Suspendisse potenti.')
GO

INSERT [dbo].[Course] ([Id], [Name], [Content]) VALUES (2, N'Training', N'Duis bibendum. Morbi non quam nec dui luctus rutrum. Nulla tellus.')
GO

INSERT [dbo].[Course] ([Id], [Name], [Content]) VALUES (3, N'Marketing', N'Proin interdum mauris non ligula pellentesque ultrices. Phasellus id sapien in sapien iaculis congue. Vivamus metus arcu, adipiscing molestie, hendrerit at, vulputate vitae, nisl.')
GO

INSERT [dbo].[Course] ([Id], [Name], [Content]) VALUES (4, N'Research and Development', N'Nulla ut erat id mauris vulputate elementum. Nullam varius. Nulla facilisi.')
GO

INSERT [dbo].[Course] ([Id], [Name], [Content]) VALUES (5, N'Accounting', N'Duis aliquam convallis nunc. Proin at turpis a pede posuere nonummy. Integer non velit.')
GO

INSERT [dbo].[Course] ([Id], [Name], [Content]) VALUES (6, N'Support', N'Sed sagittis. Nam congue, risus semper porta volutpat, quam pede lobortis ligula, sit amet eleifend pede libero quis orci. Nullam molestie nibh in lectus.')
GO

INSERT [dbo].[Course] ([Id], [Name], [Content]) VALUES (7, N'Marketing', N'In sagittis dui vel nisl. Duis ac nibh. Fusce lacus purus, aliquet at, feugiat non, pretium quis, lectus.')
GO

INSERT [dbo].[Course] ([Id], [Name], [Content]) VALUES (8, N'Legal', N'Nullam porttitor lacus at turpis. Donec posuere metus vitae ipsum. Aliquam non mauris.')
GO

INSERT [dbo].[Course] ([Id], [Name], [Content]) VALUES (9, N'Accounting', N'Quisque id justo sit amet sapien dignissim vestibulum. Vestibulum ante ipsum primis in faucibus orci luctus et ultrices posuere cubilia Curae; Nulla dapibus dolor vel est. Donec odio justo, sollicitudin ut, suscipit a, feugiat et, eros.')
GO

INSERT [dbo].[Course] ([Id], [Name], [Content]) VALUES (10, N'Business Development', N'In hac habitasse platea dictumst. Etiam faucibus cursus urna. Ut tellus.')
GO

INSERT [dbo].[Course] ([Id], [Name], [Content]) VALUES (11, N'Product Management', N'Fusce consequat. Nulla nisl. Nunc nisl.')
GO

INSERT [dbo].[Course] ([Id], [Name], [Content]) VALUES (12, N'Human Resources', N'Donec diam neque, vestibulum eget, vulputate ut, ultrices vel, augue. Vestibulum ante ipsum primis in faucibus orci luctus et ultrices posuere cubilia Curae; Donec pharetra, magna vestibulum aliquet ultrices, erat tortor sollicitudin mi, sit amet lobortis sapien sapien non mi. Integer ac neque.')
GO

INSERT [dbo].[Course] ([Id], [Name], [Content]) VALUES (13, N'Legal', N'Fusce posuere felis sed lacus. Morbi sem mauris, laoreet ut, rhoncus aliquet, pulvinar sed, nisl. Nunc rhoncus dui vel sem.')
GO

INSERT [dbo].[Course] ([Id], [Name], [Content]) VALUES (14, N'Product Management', N'Nam ultrices, libero non mattis pulvinar, nulla pede ullamcorper augue, a suscipit nulla elit ac nulla. Sed vel enim sit amet nunc viverra dapibus. Nulla suscipit ligula in lacus.')
GO

INSERT [dbo].[Course] ([Id], [Name], [Content]) VALUES (15, N'Engineering', N'Curabitur at ipsum ac tellus semper interdum. Mauris ullamcorper purus sit amet nulla. Quisque arcu libero, rutrum ac, lobortis vel, dapibus at, diam.')
GO

INSERT [dbo].[Course] ([Id], [Name], [Content]) VALUES (16, N'Sales', N'Morbi porttitor lorem id ligula. Suspendisse ornare consequat lectus. In est risus, auctor sed, tristique in, tempus sit amet, sem.')
GO

INSERT [dbo].[Course] ([Id], [Name], [Content]) VALUES (17, N'Training', N'Fusce posuere felis sed lacus. Morbi sem mauris, laoreet ut, rhoncus aliquet, pulvinar sed, nisl. Nunc rhoncus dui vel sem.')
GO

INSERT [dbo].[Course] ([Id], [Name], [Content]) VALUES (18, N'Legal', N'Sed ante. Vivamus tortor. Duis mattis egestas metus.')
GO

INSERT [dbo].[Course] ([Id], [Name], [Content]) VALUES (19, N'Sales', N'Lorem ipsum dolor sit amet, consectetuer adipiscing elit. Proin risus. Praesent lectus.')
GO

INSERT [dbo].[Course] ([Id], [Name], [Content]) VALUES (20, N'Legal', N'Aenean fermentum. Donec ut mauris eget massa tempor convallis. Nulla neque libero, convallis eget, eleifend luctus, ultricies eu, nibh.')
GO

INSERT [dbo].[Course] ([Id], [Name], [Content]) VALUES (21, N'Legal', N'Integer ac leo. Pellentesque ultrices mattis odio. Donec vitae nisi.')
GO

INSERT [dbo].[Course] ([Id], [Name], [Content]) VALUES (22, N'Marketing', N'Duis consequat dui nec nisi volutpat eleifend. Donec ut dolor. Morbi vel lectus in quam fringilla rhoncus.')
GO

INSERT [dbo].[Course] ([Id], [Name], [Content]) VALUES (23, N'Support', N'Cum sociis natoque penatibus et magnis dis parturient montes, nascetur ridiculus mus. Vivamus vestibulum sagittis sapien. Cum sociis natoque penatibus et magnis dis parturient montes, nascetur ridiculus mus.')
GO

INSERT [dbo].[Course] ([Id], [Name], [Content]) VALUES (24, N'Training', N'Aliquam quis turpis eget elit sodales scelerisque. Mauris sit amet eros. Suspendisse accumsan tortor quis turpis.')
GO

INSERT [dbo].[Course] ([Id], [Name], [Content]) VALUES (25, N'Engineering', N'Maecenas ut massa quis augue luctus tincidunt. Nulla mollis molestie lorem. Quisque ut erat.')
GO

INSERT [dbo].[Course] ([Id], [Name], [Content]) VALUES (26, N'Training', N'Nam ultrices, libero non mattis pulvinar, nulla pede ullamcorper augue, a suscipit nulla elit ac nulla. Sed vel enim sit amet nunc viverra dapibus. Nulla suscipit ligula in lacus.')
GO

INSERT [dbo].[Course] ([Id], [Name], [Content]) VALUES (27, N'Research and Development', N'Proin interdum mauris non ligula pellentesque ultrices. Phasellus id sapien in sapien iaculis congue. Vivamus metus arcu, adipiscing molestie, hendrerit at, vulputate vitae, nisl.')
GO

INSERT [dbo].[Course] ([Id], [Name], [Content]) VALUES (28, N'Legal', N'Proin interdum mauris non ligula pellentesque ultrices. Phasellus id sapien in sapien iaculis congue. Vivamus metus arcu, adipiscing molestie, hendrerit at, vulputate vitae, nisl.')
GO

INSERT [dbo].[Course] ([Id], [Name], [Content]) VALUES (29, N'Marketing', N'Cras mi pede, malesuada in, imperdiet et, commodo vulputate, justo. In blandit ultrices enim. Lorem ipsum dolor sit amet, consectetuer adipiscing elit.')
GO

INSERT [dbo].[Course] ([Id], [Name], [Content]) VALUES (30, N'Legal', N'Nullam porttitor lacus at turpis. Donec posuere metus vitae ipsum. Aliquam non mauris.')
GO

INSERT [dbo].[Course] ([Id], [Name], [Content]) VALUES (31, N'Product Management', N'Mauris enim leo, rhoncus sed, vestibulum sit amet, cursus id, turpis. Integer aliquet, massa id lobortis convallis, tortor risus dapibus augue, vel accumsan tellus nisi eu orci. Mauris lacinia sapien quis libero.')
GO

INSERT [dbo].[Course] ([Id], [Name], [Content]) VALUES (32, N'Legal', N'Aenean fermentum. Donec ut mauris eget massa tempor convallis. Nulla neque libero, convallis eget, eleifend luctus, ultricies eu, nibh.')
GO

INSERT [dbo].[Course] ([Id], [Name], [Content]) VALUES (33, N'Engineering', N'Integer tincidunt ante vel ipsum. Praesent blandit lacinia erat. Vestibulum sed magna at nunc commodo placerat.')
GO

SET IDENTITY_INSERT [dbo].[Course] OFF
GO

INSERT [dbo].[StudentCourses] ([StudentId], [CourseId]) VALUES (1, 1)
GO

INSERT [dbo].[StudentCourses] ([StudentId], [CourseId]) VALUES (1, 19)
GO

INSERT [dbo].[StudentCourses] ([StudentId], [CourseId]) VALUES (1, 23)
GO

INSERT [dbo].[StudentCourses] ([StudentId], [CourseId]) VALUES (1, 26)
GO

INSERT [dbo].[StudentCourses] ([StudentId], [CourseId]) VALUES (2, 5)
GO

INSERT [dbo].[StudentCourses] ([StudentId], [CourseId]) VALUES (2, 6)
GO

INSERT [dbo].[StudentCourses] ([StudentId], [CourseId]) VALUES (2, 14)
GO

INSERT [dbo].[StudentCourses] ([StudentId], [CourseId]) VALUES (2, 22)
GO

INSERT [dbo].[StudentCourses] ([StudentId], [CourseId]) VALUES (3, 16)
GO

INSERT [dbo].[StudentCourses] ([StudentId], [CourseId]) VALUES (3, 26)
GO

INSERT [dbo].[StudentCourses] ([StudentId], [CourseId]) VALUES (4, 9)
GO

INSERT [dbo].[StudentCourses] ([StudentId], [CourseId]) VALUES (4, 13)
GO

INSERT [dbo].[StudentCourses] ([StudentId], [CourseId]) VALUES (4, 17)
GO

INSERT [dbo].[StudentCourses] ([StudentId], [CourseId]) VALUES (4, 19)
GO

INSERT [dbo].[StudentCourses] ([StudentId], [CourseId]) VALUES (5, 1)
GO

INSERT [dbo].[StudentCourses] ([StudentId], [CourseId]) VALUES (5, 22)
GO

INSERT [dbo].[StudentCourses] ([StudentId], [CourseId]) VALUES (6, 4)
GO

INSERT [dbo].[StudentCourses] ([StudentId], [CourseId]) VALUES (6, 12)
GO

INSERT [dbo].[StudentCourses] ([StudentId], [CourseId]) VALUES (6, 14)
GO

INSERT [dbo].[StudentCourses] ([StudentId], [CourseId]) VALUES (6, 22)
GO

INSERT [dbo].[StudentCourses] ([StudentId], [CourseId]) VALUES (7, 2)
GO

INSERT [dbo].[StudentCourses] ([StudentId], [CourseId]) VALUES (7, 7)
GO

INSERT [dbo].[StudentCourses] ([StudentId], [CourseId]) VALUES (7, 13)
GO

INSERT [dbo].[StudentCourses] ([StudentId], [CourseId]) VALUES (7, 19)
GO

INSERT [dbo].[StudentCourses] ([StudentId], [CourseId]) VALUES (7, 26)
GO

INSERT [dbo].[StudentCourses] ([StudentId], [CourseId]) VALUES (7, 27)
GO

INSERT [dbo].[StudentCourses] ([StudentId], [CourseId]) VALUES (8, 5)
GO

INSERT [dbo].[StudentCourses] ([StudentId], [CourseId]) VALUES (8, 7)
GO

INSERT [dbo].[StudentCourses] ([StudentId], [CourseId]) VALUES (8, 10)
GO

INSERT [dbo].[StudentCourses] ([StudentId], [CourseId]) VALUES (8, 18)
GO

INSERT [dbo].[StudentCourses] ([StudentId], [CourseId]) VALUES (8, 21)
GO

INSERT [dbo].[StudentCourses] ([StudentId], [CourseId]) VALUES (8, 24)
GO

INSERT [dbo].[StudentCourses] ([StudentId], [CourseId]) VALUES (8, 31)
GO

INSERT [dbo].[StudentCourses] ([StudentId], [CourseId]) VALUES (8, 32)
GO

INSERT [dbo].[StudentCourses] ([StudentId], [CourseId]) VALUES (9, 7)
GO

INSERT [dbo].[StudentCourses] ([StudentId], [CourseId]) VALUES (9, 12)
GO

INSERT [dbo].[StudentCourses] ([StudentId], [CourseId]) VALUES (9, 25)
GO

INSERT [dbo].[StudentCourses] ([StudentId], [CourseId]) VALUES (9, 26)
GO

INSERT [dbo].[StudentCourses] ([StudentId], [CourseId]) VALUES (10, 3)
GO

INSERT [dbo].[StudentCourses] ([StudentId], [CourseId]) VALUES (10, 25)
GO

INSERT [dbo].[StudentCourses] ([StudentId], [CourseId]) VALUES (10, 30)
GO

INSERT [dbo].[StudentCourses] ([StudentId], [CourseId]) VALUES (11, 4)
GO

INSERT [dbo].[StudentCourses] ([StudentId], [CourseId]) VALUES (11, 8)
GO

INSERT [dbo].[StudentCourses] ([StudentId], [CourseId]) VALUES (11, 19)
GO

INSERT [dbo].[StudentCourses] ([StudentId], [CourseId]) VALUES (11, 21)
GO

INSERT [dbo].[StudentCourses] ([StudentId], [CourseId]) VALUES (11, 26)
GO

INSERT [dbo].[StudentCourses] ([StudentId], [CourseId]) VALUES (11, 30)
GO

INSERT [dbo].[StudentCourses] ([StudentId], [CourseId]) VALUES (12, 18)
GO

INSERT [dbo].[StudentCourses] ([StudentId], [CourseId]) VALUES (12, 26)
GO

INSERT [dbo].[StudentCourses] ([StudentId], [CourseId]) VALUES (13, 2)
GO

INSERT [dbo].[StudentCourses] ([StudentId], [CourseId]) VALUES (13, 11)
GO

INSERT [dbo].[StudentCourses] ([StudentId], [CourseId]) VALUES (13, 13)
GO

INSERT [dbo].[StudentCourses] ([StudentId], [CourseId]) VALUES (13, 15)
GO

INSERT [dbo].[StudentCourses] ([StudentId], [CourseId]) VALUES (13, 26)
GO

INSERT [dbo].[StudentCourses] ([StudentId], [CourseId]) VALUES (13, 30)
GO

INSERT [dbo].[StudentCourses] ([StudentId], [CourseId]) VALUES (14, 33)
GO

INSERT [dbo].[StudentCourses] ([StudentId], [CourseId]) VALUES (15, 25)
GO

INSERT [dbo].[StudentCourses] ([StudentId], [CourseId]) VALUES (15, 29)
GO

INSERT [dbo].[StudentCourses] ([StudentId], [CourseId]) VALUES (16, 1)
GO

INSERT [dbo].[StudentCourses] ([StudentId], [CourseId]) VALUES (16, 7)
GO

INSERT [dbo].[StudentCourses] ([StudentId], [CourseId]) VALUES (16, 12)
GO

INSERT [dbo].[StudentCourses] ([StudentId], [CourseId]) VALUES (16, 19)
GO

INSERT [dbo].[StudentCourses] ([StudentId], [CourseId]) VALUES (16, 21)
GO

INSERT [dbo].[StudentCourses] ([StudentId], [CourseId]) VALUES (16, 26)
GO

INSERT [dbo].[StudentCourses] ([StudentId], [CourseId]) VALUES (16, 29)
GO

INSERT [dbo].[StudentCourses] ([StudentId], [CourseId]) VALUES (17, 10)
GO

INSERT [dbo].[StudentCourses] ([StudentId], [CourseId]) VALUES (17, 14)
GO

INSERT [dbo].[StudentCourses] ([StudentId], [CourseId]) VALUES (17, 27)
GO

INSERT [dbo].[StudentCourses] ([StudentId], [CourseId]) VALUES (18, 2)
GO

INSERT [dbo].[StudentCourses] ([StudentId], [CourseId]) VALUES (18, 14)
GO

INSERT [dbo].[StudentCourses] ([StudentId], [CourseId]) VALUES (18, 25)
GO

INSERT [dbo].[StudentCourses] ([StudentId], [CourseId]) VALUES (19, 2)
GO

INSERT [dbo].[StudentCourses] ([StudentId], [CourseId]) VALUES (19, 7)
GO

INSERT [dbo].[StudentCourses] ([StudentId], [CourseId]) VALUES (19, 18)
GO

INSERT [dbo].[StudentCourses] ([StudentId], [CourseId]) VALUES (19, 30)
GO

INSERT [dbo].[StudentCourses] ([StudentId], [CourseId]) VALUES (20, 1)
GO

INSERT [dbo].[StudentCourses] ([StudentId], [CourseId]) VALUES (20, 6)
GO

INSERT [dbo].[StudentCourses] ([StudentId], [CourseId]) VALUES (20, 10)
GO

INSERT [dbo].[StudentCourses] ([StudentId], [CourseId]) VALUES (21, 8)
GO

INSERT [dbo].[StudentCourses] ([StudentId], [CourseId]) VALUES (21, 23)
GO

INSERT [dbo].[StudentCourses] ([StudentId], [CourseId]) VALUES (22, 7)
GO

INSERT [dbo].[StudentCourses] ([StudentId], [CourseId]) VALUES (22, 11)
GO

INSERT [dbo].[StudentCourses] ([StudentId], [CourseId]) VALUES (22, 32)
GO

INSERT [dbo].[StudentCourses] ([StudentId], [CourseId]) VALUES (23, 6)
GO

INSERT [dbo].[StudentCourses] ([StudentId], [CourseId]) VALUES (23, 15)
GO

INSERT [dbo].[StudentCourses] ([StudentId], [CourseId]) VALUES (23, 18)
GO

INSERT [dbo].[StudentCourses] ([StudentId], [CourseId]) VALUES (23, 22)
GO

INSERT [dbo].[StudentCourses] ([StudentId], [CourseId]) VALUES (23, 23)
GO

INSERT [dbo].[StudentCourses] ([StudentId], [CourseId]) VALUES (23, 25)
GO

INSERT [dbo].[StudentCourses] ([StudentId], [CourseId]) VALUES (24, 21)
GO

INSERT [dbo].[StudentCourses] ([StudentId], [CourseId]) VALUES (24, 25)
GO

INSERT [dbo].[StudentCourses] ([StudentId], [CourseId]) VALUES (24, 33)
GO

INSERT [dbo].[StudentCourses] ([StudentId], [CourseId]) VALUES (25, 5)
GO

INSERT [dbo].[StudentCourses] ([StudentId], [CourseId]) VALUES (25, 16)
GO

INSERT [dbo].[StudentCourses] ([StudentId], [CourseId]) VALUES (25, 20)
GO

INSERT [dbo].[StudentCourses] ([StudentId], [CourseId]) VALUES (25, 27)
GO

INSERT [dbo].[StudentCourses] ([StudentId], [CourseId]) VALUES (27, 7)
GO

INSERT [dbo].[StudentCourses] ([StudentId], [CourseId]) VALUES (27, 14)
GO

INSERT [dbo].[StudentCourses] ([StudentId], [CourseId]) VALUES (27, 23)
GO

INSERT [dbo].[StudentCourses] ([StudentId], [CourseId]) VALUES (27, 26)
GO

INSERT [dbo].[StudentCourses] ([StudentId], [CourseId]) VALUES (27, 27)
GO

INSERT [dbo].[StudentCourses] ([StudentId], [CourseId]) VALUES (27, 28)
GO

INSERT [dbo].[StudentCourses] ([StudentId], [CourseId]) VALUES (27, 30)
GO

INSERT [dbo].[StudentCourses] ([StudentId], [CourseId]) VALUES (28, 4)
GO

INSERT [dbo].[StudentCourses] ([StudentId], [CourseId]) VALUES (28, 13)
GO

INSERT [dbo].[StudentCourses] ([StudentId], [CourseId]) VALUES (28, 18)
GO

INSERT [dbo].[StudentCourses] ([StudentId], [CourseId]) VALUES (28, 22)
GO

INSERT [dbo].[StudentCourses] ([StudentId], [CourseId]) VALUES (28, 26)
GO

INSERT [dbo].[StudentCourses] ([StudentId], [CourseId]) VALUES (29, 12)
GO

INSERT [dbo].[StudentCourses] ([StudentId], [CourseId]) VALUES (29, 18)
GO

INSERT [dbo].[StudentCourses] ([StudentId], [CourseId]) VALUES (29, 28)
GO

INSERT [dbo].[StudentCourses] ([StudentId], [CourseId]) VALUES (30, 4)
GO

INSERT [dbo].[StudentCourses] ([StudentId], [CourseId]) VALUES (30, 18)
GO

INSERT [dbo].[StudentCourses] ([StudentId], [CourseId]) VALUES (30, 23)
GO

INSERT [dbo].[StudentCourses] ([StudentId], [CourseId]) VALUES (30, 25)
GO

INSERT [dbo].[StudentCourses] ([StudentId], [CourseId]) VALUES (31, 1)
GO

INSERT [dbo].[StudentCourses] ([StudentId], [CourseId]) VALUES (31, 7)
GO

INSERT [dbo].[StudentCourses] ([StudentId], [CourseId]) VALUES (31, 12)
GO

INSERT [dbo].[StudentCourses] ([StudentId], [CourseId]) VALUES (31, 17)
GO

INSERT [dbo].[StudentCourses] ([StudentId], [CourseId]) VALUES (31, 22)
GO

INSERT [dbo].[StudentCourses] ([StudentId], [CourseId]) VALUES (31, 27)
GO

INSERT [dbo].[StudentCourses] ([StudentId], [CourseId]) VALUES (31, 30)
GO

INSERT [dbo].[StudentCourses] ([StudentId], [CourseId]) VALUES (31, 31)
GO

INSERT [dbo].[StudentCourses] ([StudentId], [CourseId]) VALUES (31, 33)
GO

INSERT [dbo].[StudentCourses] ([StudentId], [CourseId]) VALUES (32, 15)
GO

INSERT [dbo].[StudentCourses] ([StudentId], [CourseId]) VALUES (32, 21)
GO

INSERT [dbo].[StudentCourses] ([StudentId], [CourseId]) VALUES (32, 30)
GO

INSERT [dbo].[StudentCourses] ([StudentId], [CourseId]) VALUES (33, 7)
GO

INSERT [dbo].[StudentCourses] ([StudentId], [CourseId]) VALUES (33, 24)
GO

INSERT [dbo].[StudentCourses] ([StudentId], [CourseId]) VALUES (33, 26)
GO

INSERT [dbo].[StudentCourses] ([StudentId], [CourseId]) VALUES (33, 27)
GO

INSERT [dbo].[StudentCourses] ([StudentId], [CourseId]) VALUES (33, 31)
GO

INSERT [dbo].[StudentCourses] ([StudentId], [CourseId]) VALUES (34, 21)
GO

INSERT [dbo].[StudentCourses] ([StudentId], [CourseId]) VALUES (34, 23)
GO

INSERT [dbo].[StudentCourses] ([StudentId], [CourseId]) VALUES (34, 31)
GO

INSERT [dbo].[StudentCourses] ([StudentId], [CourseId]) VALUES (34, 33)
GO

INSERT [dbo].[StudentCourses] ([StudentId], [CourseId]) VALUES (35, 10)
GO

INSERT [dbo].[StudentCourses] ([StudentId], [CourseId]) VALUES (35, 27)
GO

INSERT [dbo].[StudentCourses] ([StudentId], [CourseId]) VALUES (35, 31)
GO

INSERT [dbo].[StudentCourses] ([StudentId], [CourseId]) VALUES (36, 9)
GO

INSERT [dbo].[StudentCourses] ([StudentId], [CourseId]) VALUES (36, 13)
GO

INSERT [dbo].[StudentCourses] ([StudentId], [CourseId]) VALUES (36, 15)
GO

INSERT [dbo].[StudentCourses] ([StudentId], [CourseId]) VALUES (36, 17)
GO

INSERT [dbo].[StudentCourses] ([StudentId], [CourseId]) VALUES (37, 18)
GO

INSERT [dbo].[StudentCourses] ([StudentId], [CourseId]) VALUES (38, 9)
GO

INSERT [dbo].[StudentCourses] ([StudentId], [CourseId]) VALUES (38, 10)
GO

INSERT [dbo].[StudentCourses] ([StudentId], [CourseId]) VALUES (38, 16)
GO

INSERT [dbo].[StudentCourses] ([StudentId], [CourseId]) VALUES (39, 20)
GO

INSERT [dbo].[StudentCourses] ([StudentId], [CourseId]) VALUES (39, 24)
GO

INSERT [dbo].[StudentCourses] ([StudentId], [CourseId]) VALUES (39, 26)
GO

INSERT [dbo].[StudentCourses] ([StudentId], [CourseId]) VALUES (39, 32)
GO

INSERT [dbo].[StudentCourses] ([StudentId], [CourseId]) VALUES (40, 16)
GO

INSERT [dbo].[StudentCourses] ([StudentId], [CourseId]) VALUES (40, 24)
GO

INSERT [dbo].[StudentCourses] ([StudentId], [CourseId]) VALUES (40, 26)
GO

INSERT [dbo].[StudentCourses] ([StudentId], [CourseId]) VALUES (41, 11)
GO

INSERT [dbo].[StudentCourses] ([StudentId], [CourseId]) VALUES (41, 25)
GO

INSERT [dbo].[StudentCourses] ([StudentId], [CourseId]) VALUES (42, 23)
GO

INSERT [dbo].[StudentCourses] ([StudentId], [CourseId]) VALUES (42, 29)
GO

INSERT [dbo].[StudentCourses] ([StudentId], [CourseId]) VALUES (43, 6)
GO

INSERT [dbo].[StudentCourses] ([StudentId], [CourseId]) VALUES (43, 11)
GO

INSERT [dbo].[StudentCourses] ([StudentId], [CourseId]) VALUES (43, 17)
GO

INSERT [dbo].[StudentCourses] ([StudentId], [CourseId]) VALUES (43, 18)
GO

INSERT [dbo].[StudentCourses] ([StudentId], [CourseId]) VALUES (43, 22)
GO

INSERT [dbo].[StudentCourses] ([StudentId], [CourseId]) VALUES (44, 6)
GO

INSERT [dbo].[StudentCourses] ([StudentId], [CourseId]) VALUES (44, 14)
GO

INSERT [dbo].[StudentCourses] ([StudentId], [CourseId]) VALUES (45, 11)
GO

INSERT [dbo].[StudentCourses] ([StudentId], [CourseId]) VALUES (45, 14)
GO

INSERT [dbo].[StudentCourses] ([StudentId], [CourseId]) VALUES (45, 26)
GO

INSERT [dbo].[StudentCourses] ([StudentId], [CourseId]) VALUES (45, 27)
GO

INSERT [dbo].[StudentCourses] ([StudentId], [CourseId]) VALUES (45, 28)
GO

INSERT [dbo].[StudentCourses] ([StudentId], [CourseId]) VALUES (45, 33)
GO

INSERT [dbo].[StudentCourses] ([StudentId], [CourseId]) VALUES (46, 2)
GO

INSERT [dbo].[StudentCourses] ([StudentId], [CourseId]) VALUES (46, 19)
GO

INSERT [dbo].[StudentCourses] ([StudentId], [CourseId]) VALUES (46, 20)
GO

INSERT [dbo].[StudentCourses] ([StudentId], [CourseId]) VALUES (46, 24)
GO

INSERT [dbo].[StudentCourses] ([StudentId], [CourseId]) VALUES (47, 6)
GO

INSERT [dbo].[StudentCourses] ([StudentId], [CourseId]) VALUES (47, 19)
GO

INSERT [dbo].[StudentCourses] ([StudentId], [CourseId]) VALUES (47, 20)
GO

INSERT [dbo].[StudentCourses] ([StudentId], [CourseId]) VALUES (47, 26)
GO

INSERT [dbo].[StudentCourses] ([StudentId], [CourseId]) VALUES (48, 6)
GO

INSERT [dbo].[StudentCourses] ([StudentId], [CourseId]) VALUES (48, 24)
GO

INSERT [dbo].[StudentCourses] ([StudentId], [CourseId]) VALUES (48, 29)
GO

INSERT [dbo].[StudentCourses] ([StudentId], [CourseId]) VALUES (49, 10)
GO

INSERT [dbo].[StudentCourses] ([StudentId], [CourseId]) VALUES (49, 11)
GO

INSERT [dbo].[StudentCourses] ([StudentId], [CourseId]) VALUES (49, 13)
GO

INSERT [dbo].[StudentCourses] ([StudentId], [CourseId]) VALUES (49, 20)
GO

INSERT [dbo].[StudentCourses] ([StudentId], [CourseId]) VALUES (49, 26)
GO

INSERT [dbo].[StudentCourses] ([StudentId], [CourseId]) VALUES (49, 28)
GO

INSERT [dbo].[StudentCourses] ([StudentId], [CourseId]) VALUES (50, 7)
GO

INSERT [dbo].[StudentCourses] ([StudentId], [CourseId]) VALUES (50, 28)
GO
